mom,chi,EI,eps_sup,eps_inf,hor_0,mom_0,VR,sig_c_max,sig_c_min,sig_s_max,sig_s_min
-4631.633229588355,-0.008586082655943971,539434.9687959234,0.022320857996389817,-0.0034373899714420946,-4.689582056016661e-13,9.094947017729282e-13,,,,,
-4585.08415190405,-0.006317373380176425,725789.640088679,0.016339890262108095,-0.002612229878421179,2.7853275241795927e-12,2.7284841053187847e-12,,,,,
-4538.535074219745,-0.005414185980592376,838267.301952412,0.013930810615966389,-0.0023117473258107385,-4.689582056016661e-13,-9.094947017729282e-13,,,,,
-4491.98599653544,-0.004759635840955507,943766.7390187699,0.012184833164725888,-0.002094074358140632,1.3926637620897964e-12,1.8189894035458565e-12,,,,,
-4445.436918851135,-0.004245570862785374,1047076.3679432818,0.010815500525804649,-0.0019212120625514727,1.3926637620897964e-12,9.094947017729282e-13,,,,,
-4398.887841166829,-0.003847008982035908,1143456.607901876,0.009756722188058627,-0.0017843047580490972,3.254285729781259e-12,4.547473508864641e-12,,,,,
-4352.338763482525,-0.003512818960095391,1238987.4949218382,0.008870903924437117,-0.0016675529558490563,4.547473508864641e-13,0.0,,,,,
-4305.78968579822,-0.0032404061606592094,1328780.8602740944,0.008151107264966088,-0.00157011121701154,1.3926637620897964e-12,0.0,,,,,
-4259.240608113914,-0.003009098797511468,1415453.893250802,0.007541753192927622,-0.001485543199606782,-4.689582056016661e-13,0.0,,,,,
-4212.691530429609,-0.002808404133655195,1500030.3837847956,0.007014373323191974,-0.001410839077773611,4.547473508864641e-13,3.637978807091713e-12,,,,,
-4166.142452745305,-0.002641666854639544,1577088.5134241409,0.006578150198878092,-0.0013468503650405402,-7.105427357601002e-13,-9.094947017729282e-13,,,,,
-4119.593375060999,-0.002485253473354909,1657614.9753851274,0.00616931476992189,-0.001286445650142837,6.963318810448982e-13,0.0,,,,,
-4073.044297376694,-0.0023612685119499257,1724939.0642206934,0.005847335963407579,-0.0012364695724421985,-4.689582056016661e-13,0.0,,,,,
-4026.495219692389,-0.002238521916048409,1798729.41641788,0.005528431197805735,-0.0011871345503394915,0.0,-4.547473508864641e-13,,,,,
-3979.946142008084,-0.0021394876756960263,1860233.2638879598,0.005272793305976554,-0.0011456697211115246,-4.689582056016661e-13,1.3642420526593924e-12,,,,,
-3933.397064323779,-0.0020455933014138857,1922863.6804809,0.005030730999283065,-0.0011060489049585919,2.2737367544323206e-13,4.547473508864641e-13,,,,,
-3886.8479866394737,-0.0019589981503325368,1984099.875734792,0.004807974971984208,-0.0010690194790134028,-2.4158453015843406e-13,-9.094947017729282e-13,,,,,
-3840.298908955169,-0.0018857330648511226,2036501.8679132923,0.004620620241104397,-0.0010365789534489715,6.963318810448982e-13,9.094947017729282e-13,,,,,
-3793.7498312708635,-0.0018128300728787348,2092722.2512623433,0.004434104920425762,-0.0010043852982104422,-2.4158453015843406e-13,3.183231456205249e-12,,,,,
-3747.2007535865587,-0.0017505407190514634,2140596.167118576,0.004275665852625235,-0.0009759563045291551,1.1652900866465643e-12,-9.094947017729282e-13,,,,,
-3700.6516759022534,-0.0016925849661222371,2186390.4914508117,0.004128635023899495,-0.0009491198744672164,9.237055564881302e-13,0.0,,,,,
-3654.1025982179485,-0.0016348408588982661,2235142.6919195554,0.003982072185206928,-0.0009224503914878704,4.547473508864641e-13,1.3642420526593924e-12,,,,,
-3607.5535205336437,-0.0015875651419029113,2272381.4130924437,0.0038631204082066875,-0.0008995750175020465,-1.1652900866465643e-12,-9.094947017729282e-13,,,,,
-3561.0044428493384,-0.0015409343352387288,2310938.475063346,0.003745797639416559,-0.000877005366299627,6.963318810448982e-13,0.0,,,,,
-3514.455365165033,-0.0014948586970210743,2351028.4765834874,0.003629865744985204,-0.0008547103460780184,-2.1032064978498966e-12,1.3642420526593924e-12,,,,,
-3467.906287480728,-0.001456709980069984,2380642.9110303214,0.0035347607709775635,-0.0008353691692323883,4.646949491871055e-12,-9.094947017729282e-13,,,,,
-3421.3572097964234,-0.0014186448036518698,2411708.1322887726,0.003439814593204098,-0.0008161198177515107,2.3163693185779266e-12,2.2737367544323206e-12,,,,,
-3374.808132112118,-0.0013807234323096682,2444231.808586571,0.0033451871652531127,-0.0007969831316758917,-6.295408638834488e-12,3.637978807091713e-12,,,,,
-3328.2590544278128,-0.0013492010790576677,2466836.934901055,0.003267310041463606,-0.000780293195709397,-4.689582056016661e-13,0.0,,,,,
-3281.709976743508,-0.0013177348169274258,2490417.597370236,0.0031895307212358483,-0.0007636737295464285,4.547473508864641e-13,4.547473508864641e-13,,,,,
-3235.160899059203,-0.0012863241182387221,2515043.3340928825,0.003111848906412594,-0.0007471234483035726,3.723243935382925e-12,-9.094947017729282e-13,,,,,
-3188.6118213748978,-0.0012591014476606684,2532450.2861140687,0.0030450806116844825,-0.0007322237312975229,-2.4158453015843406e-13,-9.094947017729282e-13,,,,,
-3142.0627436905925,-0.0012327997439807207,2548721.1195752244,0.002980681915755315,-0.0007177173161868472,-2.5721647034515627e-12,-9.094947017729282e-13,,,,,
-3095.5136660062876,-0.001206536871433011,2565618.7882014145,0.0029163453451420377,-0.0007032652691569955,-1.4068746168049984e-12,2.7284841053187847e-12,,,,,
-3048.964588321983,-0.0011822857701735588,2578872.7778347502,0.0028572160512096486,-0.0006896412593110278,0.0,-4.547473508864641e-13,,,,,
-3002.4155106376775,-0.0011600813550421921,2588107.719849079,0.0028033896545470805,-0.000676854410579496,1.1652900866465643e-12,-9.094947017729282e-13,,,,,
-2955.866432953372,-0.001137905016275733,2597638.986272926,0.002749604270536647,-0.0006641107782905515,1.8616219676914625e-12,0.0,,,,,
-2909.3173552690673,-0.0011158186133951385,2607338.9709970783,0.0026960209462619463,-0.0006514348939234692,1.3926637620897964e-12,-1.3642420526593924e-12,,,,,
-2862.7682775847625,-0.00109674704987865,2610235.6764046135,0.0026502109195097596,-0.00064003023012619,4.547473508864641e-13,9.094947017729282e-13,,,,,
-2816.219199900457,-0.001077382382660764,2613945.8424643665,0.002603552794007716,-0.0006285943539745752,1.6200374375330284e-12,3.183231456205249e-12,,,,,
-2769.670122216152,-0.0010577063955968472,2618562.3285876703,0.0025559959641770235,-0.0006171232226135184,-1.4068746168049984e-12,4.547473508864641e-13,,,,,
-2723.121044531847,-0.0010376990236563397,2624191.583930484,0.0025074848009390464,-0.0006056122700299732,-2.1032064978498966e-12,-4.547473508864641e-13,,,,,
-2676.571966847542,-0.0010173380857058315,2630956.2223757016,0.0024579579457815275,-0.0005940563113359669,2.0889956431346945e-12,4.547473508864641e-13,,,,,
-2630.022889163237,-0.0009965989677117922,2638998.2072747005,0.0024073474727200313,-0.0005824494304153456,-1.1652900866465643e-12,-1.3642420526593924e-12,,,,,
-2583.473811478932,-0.0009754542438843518,2648482.824977308,0.0023555778937957832,-0.0005707848378572721,-2.4158453015843406e-13,1.3642420526593924e-12,,,,,
-2536.9247337946267,-0.0009538732218871572,2659603.6827363037,0.002302564967427444,-0.0005590546982340276,6.963318810448982e-13,9.094947017729282e-13,,,,,
-2490.375656110322,-0.0009318213934907087,2672589.0535535915,0.002248214268528662,-0.0005472499119434639,1.6200374375330284e-12,0.0,,,,,
-2443.8265784260166,-0.000909259765586411,2687710.0152451084,0.0021924194512458503,-0.0005353598455133828,-2.4158453015843406e-13,4.547473508864641e-13,,,,,
-2397.2775007417117,-0.0008861440413020016,2705291.0012455974,0.0021350601365748467,-0.0005233719873311581,-2.4158453015843406e-13,0.0,,,,,
-2350.7284230574064,-0.0008624236103106381,2725723.640857528,0.0020759993207687113,-0.000511271510163203,1.1368683772161603e-13,4.547473508864641e-13,,,,,
-2304.1793453731016,-0.0008380402949833558,2749485.149062987,0.002015080179792635,-0.0004990407051574324,1.1368683772161603e-13,-4.547473508864641e-13,,,,,
-2257.6302676887963,-0.0008129267841587624,2777163.0996573083,0.0019521221040086768,-0.00048665824846761037,4.547473508864641e-13,-1.8189894035458565e-12,,,,,
-2211.0811900044914,-0.0007870046643819596,2809489.3080981537,0.0018869157568773742,-0.00047409823626850444,1.1368683772161603e-13,4.547473508864641e-13,,,,,
-2164.532112320186,-0.0007601819344158177,2847386.9403165695,0.0018192169003221458,-0.000461328902925307,0.0,0.0,,,,,
-2117.9830346358813,-0.0007323498662194116,2892037.1701158127,0.001748738698468231,-0.00044831090019000386,-2.4158453015843406e-13,-4.547473508864641e-13,,,,,
-2071.433956951576,-0.0007033790456300163,2944975.358337827,0.0016751421645758195,-0.00043499497231422947,-1.2789769243681803e-13,0.0,,,,,
-2024.8848792672711,-0.0006731144646906699,3008232.6045360025,0.0015980246155856582,-0.0004213187784863516,2.8990143619012088e-12,-1.3642420526593924e-12,,,,,
-1978.3358015829658,-0.0006413696141709274,3084548.6874838634,0.0015169062778138136,-0.0004072025646989685,2.2737367544323206e-13,0.0,,,,,
-1931.786723898661,-0.0006079183734829049,3177707.416262167,0.0014312112597836704,-0.0003925438606650444,-1.2789769243681803e-13,4.547473508864641e-13,,,,,
-1885.2376462143557,-0.0005724906004386407,3293045.5884688618,0.001340262398293569,-0.0003772094030223531,-1.2789769243681803e-13,-2.2737367544323206e-13,,,,,
-1838.6885685300508,-0.0005347753492860888,3438244.8087494164,0.0012433023952353678,-0.00036102365262289857,0.0,0.0,,,,,
-1792.1394908457455,-0.0004944386771163607,3624594.057442608,0.0011395524935758653,-0.00034376353777321677,0.0,0.0,,,,,
-1745.5904131614407,-0.0004511976047061521,3868793.6171520185,0.0010284304432255232,-0.0003251623708929331,-5.826450433232822e-13,-2.2737367544323206e-13,,,,,
-1699.0413354771354,-0.00040501033240711304,4195056.766525337,0.0009100753138118632,-0.000304955683409476,-3.552713678800501e-13,-2.2737367544323206e-13,,,,,
-1652.4922577928305,-0.0003565346334220481,4634871.630652195,0.0007865628491232575,-0.00028304105114288695,3.410605131648481e-13,-4.547473508864641e-13,,,,,
-1605.9431801085257,-0.00030773884060282357,5218526.1274224445,0.0006634126017999357,-0.000259803920008535,1.1368683772161603e-13,2.2737367544323206e-13,,,,,
-1559.3941024242204,-0.00026193252981180027,5953419.010401848,0.0005494130788680221,-0.00023638451056737865,4.547473508864641e-13,-2.2737367544323206e-13,,,,,
-1512.8450247399155,-0.00022220183995878056,6808427.081524415,0.000452315395780568,-0.00021429012409577362,1.1368683772161603e-13,-2.2737367544323206e-13,,,,,
-1466.2959470556102,-0.00018968627161475011,7730111.06483043,0.0003745207807331865,-0.00019453803411106392,-2.4158453015843406e-13,2.2737367544323206e-13,,,,,
-1419.7468693713054,-0.00016373694429679984,8670901.215780497,0.00031384772281513003,-0.0001773631100752695,0.0,-2.2737367544323206e-13,,,,,
-1373.197791687,-0.00014305065475319538,9599381.38036608,0.00026661709774541736,-0.00016253486651416878,2.2737367544323206e-13,0.0,,,,,
-1326.6487140026952,-0.0001263908877218794,10496395.253761956,0.00022948480797410138,-0.00014968785519153683,4.547473508864641e-13,-2.2737367544323206e-13,,,,,
-1280.09963631839,-0.00011278564775897668,11349845.142122757,0.00019988476242871917,-0.0001384721808482109,4.533262654149439e-12,4.547473508864641e-13,,,,,
-1233.550558634085,-0.00010151581670833122,12151313.939366158,0.0001759515244148665,-0.00012859592571012716,2.2737367544323206e-13,2.2737367544323206e-13,,,,,
-1187.0014809497798,-9.205656811978254e-05,12894261.704447556,0.00015634338825443178,-0.00011982631610491587,2.2737367544323206e-13,-2.2737367544323206e-13,,,,,
-1140.452403265475,-8.402312506877752e-05,13573077.677507855,0.00014008971244037078,-0.0001119796627659618,0.0,-2.2737367544323206e-13,,,,,
-1093.9033255811696,-7.712899870181e-05,14182776.180076338,0.00012647641900059321,-0.00010491057710483676,5.684341886080802e-14,0.0,,,,,
-1047.3542478968648,-7.115786149374045e-05,14718742.608488837,0.00011497053123628598,-9.850305324493535e-05,0.0,0.0,,,,,
-1000.8051702125595,-6.621741561185817e-05,15113926.766319403,0.00010578862328251472,-9.286362355305978e-05,-1.2789769243681803e-13,2.2737367544323206e-13,,,,,
-954.2560925282546,-6.181335361023803e-05,15437701.350832436,9.780123204583397e-05,-8.76388287848801e-05,3.410605131648481e-13,-2.2737367544323206e-13,,,,,
-907.7070148439493,-5.7706749731099936e-05,15729650.674724419,9.047004687342703e-05,-8.265020231987277e-05,0.0,1.1368683772161603e-13,,,,,
-861.1579371596445,-5.38319093583443e-05,15997165.016517462,8.364881239201673e-05,-7.784691568301617e-05,5.684341886080802e-14,0.0,,,,,
-814.6088594753392,-5.014445803756429e-05,16245242.073712276,7.723883765334615e-05,-7.319453645934673e-05,-5.684341886080802e-14,0.0,,,,,
-768.0597817910343,-4.661273880762212e-05,16477465.204542777,7.116977750617157e-05,-6.86684389166948e-05,1.1368683772161603e-13,1.1368683772161603e-13,,,,,
-721.510704106729,-4.321322286335574e-05,16696526.116281895,6.538940186029453e-05,-6.42502667297727e-05,0.0,0.0,,,,,
-674.9616264224242,-3.992785148751287e-05,16904531.580756687,5.985766441515186e-05,-5.992589004738676e-05,-1.2789769243681803e-13,1.1368683772161603e-13,,,,,
-628.4125487381189,-3.674240289491479e-05,17103196.830523357,5.454306327471719e-05,-5.568414541002719e-05,5.684341886080802e-14,2.2737367544323206e-13,,,,,
-581.863471053814,-3.3645436024482945e-05,17293979.20806871,4.94202820051867e-05,-5.1516026068262145e-05,1.9895196601282805e-13,0.0,,,,,
-535.3143933695092,-3.062758414486315e-05,17478178.848111726,4.446862203813743e-05,-4.7414130396452015e-05,2.842170943040401e-14,-1.1368683772161603e-13,,,,,
-488.76531568520386,-2.7681063190693947e-05,17657028.28385295,3.967090693482645e-05,-4.337228263725539e-05,5.684341886080802e-14,1.1368683772161603e-13,,,,,
-442.21623800089856,-2.4799319003721917e-05,17831789.57190438,3.5012690103086305e-05,-3.938526690807944e-05,4.391154106997419e-12,-4.718003765447065e-12,,,,,
-395.66716031659325,-2.1976781663523978e-05,18003871.830482934,3.0481736024679492e-05,-3.5448608965892446e-05,-9.947598300641403e-14,-5.684341886080802e-14,,,,,
-349.11808263228886,-1.9208677674333265e-05,18175019.04874911,2.6067609240901258e-05,-3.1558423782098536e-05,-1.4210854715202004e-14,-5.684341886080802e-14,,,,,
-302.56900494798356,-1.6490890547972997e-05,18347644.96603698,2.1761358949430052e-05,-2.7711312694488937e-05,-4.263256414560601e-14,0.0,,,,,
-256.01992726367826,-1.3819882417050541e-05,18525477.969900005,1.7555388221567812e-05,-2.3904259029583814e-05,1.4210854715202004e-14,0.0,,,,,
-209.47084957937295,-1.1192674293393144e-05,18714995.54874211,1.3443451858523612e-05,-2.0134571021655816e-05,-2.842170943040401e-14,0.0,,,,,
-162.92177189506856,-8.60707947997303e-06,18928809.97255286,9.421392521937337e-06,-1.6399845917981757e-05,2.842170943040401e-14,2.842170943040401e-14,,,,,
-116.37269421076326,-6.062724110530212e-06,19194786.384661324,5.489648959861768e-06,-1.2698523371728869e-05,0.0,0.0,,,,,
-69.82361652645795,-3.5688213964553227e-06,19564895.17682482,1.670632284303753e-06,-9.035831905062216e-06,-2.842170943040401e-14,1.4210854715202004e-14,,,,,
-23.27453884215356,-1.1813002039384393e-06,19702475.93673188,-1.9220612846284476e-06,-5.465961896443765e-06,0.0,-3.552713678800501e-15,,,,,
23.274538842151742,1.1813002039383471e-06,19702475.936731875,-5.465961896443627e-06,-1.922061284628586e-06,0.0,7.105427357601002e-15,,,,,
69.82361652645704,3.568821396455273e-06,19564895.176824834,-9.035831905062143e-06,1.6706322843036765e-06,4.263256414560601e-14,2.842170943040401e-14,,,,,
116.37269421076235,6.062724110530163e-06,19194786.38466133,-1.2698523371728798e-05,5.489648959861692e-06,0.0,0.0,,,,,
162.92177189506674,8.607079479972929e-06,18928809.97255287,-1.639984591798161e-05,9.421392521937176e-06,2.842170943040401e-14,0.0,,,,,
209.47084957937204,1.1192674293393096e-05,18714995.54874211,-2.013457102165575e-05,1.3443451858523537e-05,-1.4210854715202004e-14,-5.684341886080802e-14,,,,,
256.01992726367735,1.3819882417050487e-05,18525477.969900012,-2.3904259029583736e-05,1.755538822156773e-05,-5.684341886080802e-14,5.684341886080802e-14,,,,,
302.56900494798265,1.6490890547972943e-05,18347644.966036983,-2.771131269448886e-05,2.1761358949429967e-05,0.0,-5.684341886080802e-14,,,,,
349.11808263228704,1.920867767433316e-05,18175019.048749115,-3.155842378209839e-05,2.606760924090109e-05,5.684341886080802e-14,5.684341886080802e-14,,,,,
395.66716031659234,2.1976781663523924e-05,18003871.830482937,-3.5448608965892364e-05,3.0481736024679398e-05,-2.842170943040401e-14,0.0,,,,,
442.21623800089765,2.4799319003721866e-05,17831789.57190438,-3.938526690807937e-05,3.5012690103086224e-05,4.220623850414995e-12,4.774847184307873e-12,,,,,
488.76531568520295,2.7681063190693883e-05,17657028.28385296,-4.337228263725529e-05,3.967090693482635e-05,-9.947598300641403e-14,0.0,,,,,
535.3143933695073,3.062758414486303e-05,17478178.848111734,-4.741413039645185e-05,4.446862203813724e-05,-2.842170943040401e-14,0.0,,,,,
581.8634710538126,3.3645436024482844e-05,17293979.20806872,-5.1516026068262e-05,4.942028200518653e-05,5.684341886080802e-14,2.2737367544323206e-13,,,,,
628.412548738118,3.674240289491471e-05,17103196.830523368,-5.568414541002708e-05,5.454306327471705e-05,1.4210854715202004e-13,2.2737367544323206e-13,,,,,
674.9616264224233,3.99278514875128e-05,16904531.580756694,-5.992589004738666e-05,5.9857664415151735e-05,5.684341886080802e-14,1.1368683772161603e-13,,,,,
721.5107041067276,4.321322286335565e-05,16696526.116281897,-6.425026672977258e-05,6.538940186029438e-05,-5.684341886080802e-14,-2.2737367544323206e-13,,,,,
768.059781791033,4.6612738807622e-05,16477465.204542791,-6.866843891669464e-05,7.116977750617135e-05,-5.684341886080802e-14,1.1368683772161603e-13,,,,,
814.6088594753382,5.0144458037564216e-05,16245242.073712282,-7.319453645934664e-05,7.723883765334603e-05,-5.684341886080802e-14,0.0,,,,,
861.1579371596436,5.383190935834422e-05,15997165.01651747,-7.784691568301608e-05,8.36488123920166e-05,0.0,-1.1368683772161603e-13,,,,,
907.707014843948,5.770674973109982e-05,15729650.674724428,-8.265020231987262e-05,9.047004687342683e-05,-5.684341886080802e-14,1.1368683772161603e-13,,,,,
954.2560925282532,6.181335361023792e-05,15437701.35083244,-8.763882878487999e-05,9.78012320458338e-05,-2.4158453015843406e-13,-1.1368683772161603e-13,,,,,
1000.8051702125586,6.621741561185806e-05,15113926.766319415,-9.286362355305965e-05,0.00010578862328251452,5.684341886080802e-14,0.0,,,,,
1047.3542478968639,7.115786149374034e-05,14718742.608488848,-9.850305324493524e-05,0.00011497053123628577,1.1368683772161603e-13,0.0,,,,,
1093.9033255811682,7.712899870180975e-05,14182776.180076364,-0.0001049105771048365,0.00012647641900059273,1.7053025658242404e-13,0.0,,,,,
1140.4524032654735,8.402312506877736e-05,13573077.677507866,-0.00011197966276596167,0.00014008971244037046,2.2737367544323206e-13,0.0,,,,,
1187.0014809497789,9.205656811978216e-05,12894261.7044476,-0.00011982631610491553,0.00015634338825443097,2.2737367544323206e-13,6.821210263296962e-13,,,,,
1233.5505586340842,0.00010151581670833099,12151313.939366177,-0.00012859592571012695,0.000175951524414866,3.410605131648481e-13,0.0,,,,,
1280.0996363183885,0.00011278564775897639,11349845.142122773,-0.00013847218084821062,0.00019988476242871857,4.533262654149439e-12,-9.094947017729282e-13,,,,,
1326.6487140026939,0.0001263908877218792,10496395.253761962,-0.00014968785519153664,0.00022948480797410097,2.2737367544323206e-13,0.0,,,,,
1373.1977916869992,0.00014305065475319495,9599381.380366102,-0.00016253486651416846,0.0002666170977454164,1.1368683772161603e-13,0.0,,,,,
1419.7468693713035,0.00016373694429679903,8670901.21578053,-0.0001773631100752689,0.0003138477228151282,0.0,0.0,,,,,
1466.2959470556088,0.00018968627161474946,7730111.064830449,-0.00019453803411106346,0.0003745207807331849,-1.2789769243681803e-13,-4.547473508864641e-13,,,,,
1512.8450247399142,0.00022220183995877899,6808427.081524457,-0.0002142901240957728,0.00045231539578056415,5.826450433232822e-13,-2.2737367544323206e-13,,,,,
1559.3941024242195,0.00026193252981180086,5953419.01040183,-0.00023638451056737879,0.0005494130788680238,-4.689582056016661e-13,-2.2737367544323206e-13,,,,,
1605.9431801085238,0.00030773884060282194,5218526.127422466,-0.00025980392000853416,0.0006634126017999317,0.0,0.0,,,,,
1652.4922577928292,0.0003565346334220481,4634871.630652191,-0.00028304105114288684,0.0007865628491232576,-3.552713678800501e-13,0.0,,,,,
1699.0413354771345,0.00040501033240711195,4195056.766525346,-0.00030495568340947553,0.0009100753138118604,-2.4158453015843406e-13,2.2737367544323206e-13,,,,,
1745.5904131614398,0.00045119760470615144,3868793.6171520217,-0.0003251623708929328,0.0010284304432255215,-2.4158453015843406e-13,-2.2737367544323206e-13,,,,,
1792.1394908457441,0.0004944386771163602,3624594.057442609,-0.00034376353777321644,0.001139552493575864,-1.2789769243681803e-13,4.547473508864641e-13,,,,,
1838.6885685300495,0.0005347753492860883,3438244.8087494173,-0.0003610236526228983,0.0012433023952353665,-3.552713678800501e-13,2.2737367544323206e-13,,,,,
1885.2376462143548,0.0005724906004386433,3293045.5884688455,-0.0003772094030223538,0.0013402623982935761,-2.6858515411731787e-12,-1.5916157281026244e-12,,,,,
1931.78672389866,0.0006079183734829042,3177707.41626217,-0.00039254386066504403,0.0014312112597836685,-2.4158453015843406e-13,-6.821210263296962e-13,,,,,
1978.3358015829645,0.0006413696141709268,3084548.687483864,-0.0004072025646989683,0.0015169062778138123,-1.2789769243681803e-13,-4.547473508864641e-13,,,,,
2024.8848792672698,0.0006731144646906676,3008232.604536011,-0.0004213187784863509,0.0015980246155856517,6.0538241086760536e-12,2.2737367544323206e-13,,,,,
2071.433956951575,0.0007033790456300158,2944975.358337828,-0.0004349949723142292,0.0016751421645758182,-5.826450433232822e-13,9.094947017729282e-13,,,,,
2117.9830346358804,0.0007323498662194125,2892037.170115808,-0.0004483109001900041,0.0017487386984682335,-1.0516032489249483e-12,-4.547473508864641e-13,,,,,
2164.5321123201848,0.0007601819344158174,2847386.9403165686,-0.00046132890292530695,0.0018192169003221454,-7.105427357601002e-13,4.547473508864641e-13,,,,,
2211.08119000449,0.0007870046643819587,2809489.308098155,-0.000474098236268504,0.001886915756877372,0.0,0.0,,,,,
2257.6302676887954,0.0008129267841587622,2777163.099657308,-0.0004866582484676101,0.0019521221040086766,-2.4158453015843406e-13,2.7284841053187847e-12,,,,,
2304.1793453731007,0.0008380402949833562,2749485.1490629846,-0.0004990407051574326,0.002015080179792636,-1.2789769243681803e-13,-4.547473508864641e-13,,,,,
2350.728423057405,0.0008624236103106385,2725723.640857525,-0.0005112715101632029,0.002075999320768712,-4.689582056016661e-13,-1.3642420526593924e-12,,,,,
2397.2775007417104,0.0008861440413020014,2705291.0012455964,-0.0005233719873311579,0.0021350601365748463,-4.689582056016661e-13,0.0,,,,,
2443.8265784260157,0.0009092597655864103,2687710.01524511,-0.0005353598455133825,0.0021924194512458486,6.963318810448982e-13,9.094947017729282e-13,,,,,
2490.375656110321,0.00093182139349071,2672589.053553587,-0.0005472499119434641,0.002248214268528666,-1.4068746168049984e-12,0.0,,,,,
2536.9247337946254,0.000953873221887157,2659603.6827363027,-0.0005590546982340274,0.0023025649674274437,-2.4158453015843406e-13,-4.547473508864641e-13,,,,,
2583.4738114789307,0.0009754542438843509,2648482.824977309,-0.0005707848378572719,0.002355577893795781,2.2737367544323206e-13,-9.094947017729282e-13,,,,,
2630.022889163236,0.0009965989677117922,2638998.2072746996,-0.0005824494304153456,0.002407347472720031,4.547473508864641e-13,-4.547473508864641e-13,,,,,
2676.5719668475413,0.0010173380857058296,2630956.222375706,-0.000594056311335966,0.0024579579457815227,2.5579538487363607e-12,2.2737367544323206e-12,,,,,
2723.1210445318457,0.001037699023656341,2624191.5839304794,-0.0006056122700299733,0.0025074848009390494,-2.7995383788947947e-12,-2.2737367544323206e-12,,,,,
2769.670122216151,0.0010577063955968461,2618562.328587672,-0.0006171232226135177,0.0025559959641770205,-4.689582056016661e-13,4.547473508864641e-13,,,,,
2816.2191999004563,0.0010773823826607635,2613945.842464367,-0.0006285943539745749,0.0026035527940077153,1.1652900866465643e-12,-9.094947017729282e-13,,,,,
2862.7682775847607,0.00109674704987865,2610235.676404612,-0.0006400302301261899,0.00265021091950976,-2.4158453015843406e-13,-4.547473508864641e-13,,,,,
2909.317355269066,0.0011158186133951385,2607338.9709970774,-0.0006514348939234693,0.0026960209462619463,1.3926637620897964e-12,0.0,,,,,
2955.8664329533713,0.0011379050162757338,2597638.986272923,-0.0006641107782905518,0.00274960427053665,-1.1652900866465643e-12,1.3642420526593924e-12,,,,,
3002.4155106376766,0.0011600813550421924,2588107.7198490775,-0.0006768544105794961,0.0028033896545470813,2.2737367544323206e-13,9.094947017729282e-13,,,,,
3048.964588321981,0.001182285770173558,2578872.7778347507,-0.0006896412593110275,0.0028572160512096464,0.0,0.0,,,,,
3095.5136660062863,0.0012065368714330082,2565618.788201419,-0.0007032652691569946,0.0029163453451420303,1.1652900866465643e-12,-1.3642420526593924e-12,,,,,
3142.0627436905916,0.0012327997439807185,2548721.119575228,-0.0007177173161868467,0.002980681915755309,1.8616219676914625e-12,9.094947017729282e-13,,,,,
3188.611821374897,0.0012591014476606684,2532450.286114068,-0.0007322237312975226,0.0030450806116844825,-2.4158453015843406e-13,0.0,,,,,
3235.1608990592013,0.0012863241182387247,2515043.334092876,-0.000747123448303573,0.003111848906412601,2.2737367544323206e-13,0.0,,,,,
3281.7099767435066,0.0013177348169274253,2490417.597370236,-0.0007636737295464281,0.003189530721235848,-4.689582056016661e-13,-9.094947017729282e-13,,,,,
3328.259054427812,0.001349201079057667,2466836.9349010554,-0.000780293195709397,0.0032673100414636045,4.547473508864641e-13,4.547473508864641e-13,,,,,
3374.808132112117,0.0013807234323096609,2444231.808586583,-0.0007969831316758895,0.0033451871652530932,6.963318810448982e-13,4.547473508864641e-13,,,,,
3421.3572097964216,0.0014186448036518676,2411708.132288775,-0.0008161198177515095,0.0034398145932040933,4.547473508864641e-13,4.547473508864641e-13,,,,,
3467.906287480727,0.0014567099800699803,2380642.9110303265,-0.000835369169232387,0.003534760770977554,6.508571459562518e-12,2.2737367544323206e-12,,,,,
3514.455365165032,0.00149485869702107,2351028.4765834934,-0.0008547103460780171,0.003629865744985193,1.3926637620897964e-12,-9.094947017729282e-13,,,,,
3561.0044428493366,0.0015409343352387282,2310938.4750633454,-0.0008770053662996267,0.003745797639416558,4.547473508864641e-13,0.0,,,,,
3607.553520533642,0.0015875651419029087,2272381.4130924465,-0.0008995750175020455,0.003863120408206681,0.0,4.547473508864641e-13,,,,,
3654.102598217947,0.001634840858898267,2235142.6919195536,-0.0009224503914878707,0.00398207218520693,-2.4158453015843406e-13,-4.547473508864641e-13,,,,,
3700.6516759022525,0.0016925849661222393,2186390.4914508085,-0.0009491198744672172,0.004128635023899501,2.2737367544323206e-13,0.0,,,,,
3747.2007535865578,0.0017505407190514669,2140596.1671185712,-0.0009759563045291562,0.004275665852625244,-1.1652900866465643e-12,0.0,,,,,
3793.749831270863,0.0018128300728787255,2092722.2512623537,-0.0010043852982104388,0.004434104920425738,2.0889956431346945e-12,2.2737367544323206e-12,,,,,
3840.2989089551684,0.0018857330648511226,2036501.867913292,-0.001036578953448971,0.004620620241104397,0.0,-4.547473508864641e-13,,,,,
3886.847986639472,0.0019589981503325346,1984099.8757347933,-0.0010690194790134015,0.004807974971984203,-1.6342482922482304e-12,9.094947017729282e-13,,,,,
3933.397064323777,0.002045593301413884,1922863.6804809007,-0.0011060489049585908,0.0050307309992830606,-2.4158453015843406e-13,-9.094947017729282e-13,,,,,
3979.9461420080825,0.0021394876756960193,1860233.2638879651,-0.0011456697211115225,0.005272793305976535,1.3926637620897964e-12,-4.547473508864641e-13,,,,,
4026.4952196923878,0.002238521916048408,1798729.4164178802,-0.0011871345503394915,0.005528431197805733,2.2737367544323206e-13,-4.547473508864641e-13,,,,,
4073.044297376693,0.002361268511949928,1724939.0642206913,-0.001236469572442199,0.005847335963407585,4.547473508864641e-13,-4.547473508864641e-13,,,,,
4119.593375060998,0.0024852534733549123,1657614.9753851246,-0.0012864456501428382,0.006169314769921899,-7.105427357601002e-13,0.0,,,,,
4166.142452745304,0.002641666854639546,1577088.5134241392,-0.0013468503650405415,0.006578150198878098,-9.379164112033322e-13,-9.094947017729282e-13,,,,,
4212.691530429609,0.002808404133655202,1500030.3837847922,-0.0014108390777736136,0.007014373323191992,1.8616219676914625e-12,-3.637978807091713e-12,,,,,
4259.2406081139125,0.003009098797511463,1415453.8932508037,-0.0014855431996067803,0.00754175319292761,0.0,-9.094947017729282e-13,,,,,
4305.789685798218,0.003240406160659197,1328780.860274099,-0.0015701112170115343,0.008151107264966055,4.547473508864641e-13,9.094947017729282e-13,,,,,
4352.338763482523,0.0035128189600953934,1238987.4949218368,-0.0016675529558490565,0.008870903924437124,0.0,0.0,,,,,
4398.887841166828,0.0038470089820358995,1143456.6079018784,-0.0017843047580490936,0.009756722188058604,1.8616219676914625e-12,-2.7284841053187847e-12,,,,,
4445.436918851134,0.004245570862785386,1047076.3679432785,-0.0019212120625514769,0.010815500525804683,-4.689582056016661e-13,9.094947017729282e-13,,,,,
4491.985996535439,0.004759635840955516,943766.7390187681,-0.0020940743581406352,0.012184833164725913,-1.4068746168049984e-12,0.0,,,,,
4538.535074219744,0.005414185980592367,838267.3019524133,-0.0023117473258107346,0.013930810615966367,-1.4068746168049984e-12,9.094947017729282e-13,,,,,
4585.084151904048,0.006317373380176387,725789.6400886831,-0.0026122298784211654,0.016339890262107994,2.3163693185779266e-12,-9.094947017729282e-13,,,,,
4631.633229588353,0.00858608265594264,539434.9687960068,-0.0034373899714415478,0.022320857996386372,0.0,0.0,,,,,
